Код субъекта РФ;Наименование субъекта РФ;autokey
10;Карелия, республика;RS_Regions_10
11;Коми, республика;RS_Regions_11
12;Марий Эл, республика;RS_Regions_12
13;Мордовия, республика;RS_Regions_13
14;Саха (Якутия), республика;RS_Regions_14
15;Северная Осетия - Алания;RS_Regions_15
17;Тыва, республика;RS_Regions_17
18;Удмуртская республика;RS_Regions_18
19;Хакасия, республика;RS_Regions_19
20;Чеченская республика;RS_Regions_20
28;Амурская область;RS_Regions_28
29;Архангельская область;RS_Regions_29
30;Астраханская область;RS_Regions_30
31;Белгородская область;RS_Regions_31
32;Брянская область;RS_Regions_32
33;Владимирская область;RS_Regions_33
34;Волгоградская область;RS_Regions_34
35;Вологодская область;RS_Regions_35
36;Воронежская область;RS_Regions_36
37;Ивановская область;RS_Regions_37
39;Калининградская область;RS_Regions_39
40;Калужская область;RS_Regions_40
21;Чувашская республика;RS_Regions_21
22;Алтайский край;RS_Regions_22
23;Краснодарский край;RS_Regions_23
24;Красноярский край;RS_Regions_24
25;Приморский край;RS_Regions_25
26;Ставропольский край;RS_Regions_26
27;Хабаровский край;RS_Regions_27
41;Камчатский край;RS_Regions_41
42;Кемеровская область;RS_Regions_42
43;Кировская область;RS_Regions_43
44;Костромская область;RS_Regions_44
46;Курская область;RS_Regions_46
47;Ленинградская область;RS_Regions_47
48;Липецкая область;RS_Regions_48
49;Магаданская область;RS_Regions_49
50;Московская область;RS_Regions_50
51;Мурманская область;RS_Regions_51
52;Нижегородская область;RS_Regions_52
53;Новгородская область;RS_Regions_53
55;Омская область;RS_Regions_55
56;Оренбургская область;RS_Regions_56
57;Орловская область;RS_Regions_57
58;Пензенская область;RS_Regions_58
59;Пермский край;RS_Regions_59
60;Псковская область;RS_Regions_60
68;Тамбовская область;RS_Regions_68
69;Тверская область;RS_Regions_69
70;Томская область;RS_Regions_70
71;Тульская область;RS_Regions_71
72;Тюменская область;RS_Regions_72
73;Ульяновская область;RS_Regions_73
74;Челябинская область;RS_Regions_74
75;Забайкальский край;RS_Regions_75
61;Ростовская область;RS_Regions_61
62;Рязанская область;RS_Regions_62
63;Самарская область;RS_Regions_63
64;Саратовская область;RS_Regions_64
65;Сахалинская область;RS_Regions_65
66;Свердловская область;RS_Regions_66
67;Смоленская область;RS_Regions_67
76;Ярославская область;RS_Regions_76
77;Москва;RS_Regions_77
78;Санкт-Петербург;RS_Regions_78
79;Еврейская АО;RS_Regions_79
86;Ханты-Мансийский АО - Югра;RS_Regions_86
87;Чукотский АО;RS_Regions_87
89;Ямало-Ненецкий АО;RS_Regions_89
54;Новосибирская область;RS_Regions_54
05;Дагестан, республика;RS_Regions_05
04;Алтай, республика;RS_Regions_04
09;Карачаево-Черкесская республика;RS_Regions_09
03;Бурятия, республика;RS_Regions_03
01;Адыгея, республика;RS_Regions_01
08;Калмыкия, республика;RS_Regions_08
07;Кабардино-Балкарская республика;RS_Regions_07
06;Ингушетия, республика;RS_Regions_06
38;Иркутская область;RS_Regions_38
45;Курганская область;RS_Regions_45
16;Татарстан, республика;RS_Regions_16
02;Башкортостан, республика;RS_Regions_02

